{
 "name": "p3",
 "size": 3,
 "members": [
  {
   "g": [
    1.0,
    0.0,
    0.0,
    0.0,
    1.0,
    0.0,
    0.0,
    0.0,
    1.0
   ],
   "i": [
    1.0,
    0.0,
    0.0,
    0.0,
    1.0,
    0.0,
    0.0,
    0.0,
    1.0
   ]
  },
  {
   "g": [
    0.0,
    -1.0,
    0.0,
    1.0,
    -1.0,
    0.0,
    0.0,
    0.0,
    1.0
   ],
   "i": [
    -1.0,
    1.0,
    0.0,
    -1.0,
    -0.0,
    -0.0,
    0.0,
    0.0,
    1.0
   ]
  },
  {
   "g": [
    -1.0,
    1.0,
    0.0,
    -1.0,
    0.0,
    0.0,
    0.0,
    0.0,
    1.0
   ],
   "i": [
    -0.0,
    -1.0,
    -0.0,
    1.0,
    -1.0,
    -0.0,
    0.0,
    0.0,
    1.0
   ]
  }
 ],
 "projector": [
  1.0,
  1.0,
  1.0,
  1.0,
  -0.5,
  -0.5,
  -0.5,
  -0.5,
  0.0,
  0.0,
  0.0,
  0.0,
  0.8660254,
  0.8660254,
  0.8660254,
  0.8660254
 ]
}