{
 "name": "wp-15",
 "size": 6,
 "members": [
  [
   1.0,
   0.0,
   0.0,
   0.0,
   1.0,
   0.0,
   0.0,
   0.0,
   1.0
  ],
  [
   0.0,
   -1.0,
   0.0,
   1.0,
   -1.0,
   0.0,
   0.0,
   0.0,
   1.0
  ],
  [
   -1.0,
   1.0,
   0.0,
   -1.0,
   0.0,
   0.0,
   0.0,
   0.0,
   1.0
  ],
  [
   0.0,
   1.0,
   0.0,
   1.0,
   0.0,
   0.0,
   0.0,
   0.0,
   1.0
  ],
  [
   1.0,
   -1.0,
   0.0,
   0.0,
   -1.0,
   0.0,
   0.0,
   0.0,
   1.0
  ],
  [
   -1.0,
   0.0,
   0.0,
   -1.0,
   1.0,
   0.0,
   0.0,
   0.0,
   1.0
  ]
 ],
 "projector": [
  1.0,
  1.0,
  1.0,
  1.0,
  -0.5,
  -0.5,
  -0.5,
  -0.5,
  0.0,
  0.0,
  0.0,
  0.0,
  0.8660254,
  0.8660254,
  0.8660254,
  0.8660254
 ],
 "dof": 2
}
