{
 "name": "wp-15-1",
 "size": 2,
 "members": [
  [
   0.0,
   0.0,
   0.66666667,
   0.0,
   0.0,
   0.33333333,
   0.0,
   0.0,
   1.0
  ],
  [
   0.0,
   0.0,
   0.33333333,
   0.0,
   0.0,
   0.66666667,
   0.0,
   0.0,
   1.0
  ]
 ],
 "projector": [
  1.0,
  0.0,
  0.0,
  0.0,
  0.0,
  1.0,
  0.0,
  0.0,
  0.0,
  0.0,
  1.0,
  0.0,
  0.0,
  0.0,
  0.0,
  1.0
 ],
 "dof": 0
}
